{
    "A_eig_lam": 0.003,
    "BMatrix_mode": 1,
    "T_eig_lam": 0.0,
    "action_name": "['p1' 'p2' 'p3' 'p4' 'p5' 'p6' 'p7' 'p8']",
    "args_file_path": "D:\\Soft_Robot_HPN/soft_robot_mujoco/1_model_50/SoftRobot_2024_10_30_17_39/args.pkl",
    "batch_size": 4096,
    "c_linear": "[1 1 1]",
    "code_name": "DDK_one_seg_20k.py",
    "conca_num": 0,
    "dact_type": "['relu' 'relu' 'relu' '']",
    "data_len": 100,
    "decoder_widths": "[ 24 128  64  64  12]",
    "domain_name": "soft_robot_mujoco_50",
    "dropout_rate": 1.0,
    "eact_type": "['relu' 'relu' 'relu' '']",
    "encoder_widths": "[ 12  64 128  64  12]",
    "host_device": "LAPTOP-JOGM43GD:0",
    "image_path": "D:\\Soft_Robot_HPN/soft_robot_mujoco/1_model_50/SoftRobot_2024_10_30_17_39/logdir/train/%s_%d_psteps_%d_gstep.png",
    "input_mode": 22,
    "interval": 4,
    "is_last_bias": true,
    "is_predict": false,
    "koopman_lam": 10,
    "koopman_mode": 1,
    "latent_mode": 2,
    "learning_rate": 0.0003,
    "lift_dim": 12,
    "log_dir": "D:\\Soft_Robot_HPN/soft_robot_mujoco/1_model_50/SoftRobot_2024_10_30_17_39\\logdir",
    "matlab_file_path": "D:\\Soft_Robot_HPN/soft_robot_mujoco/1_model_50/SoftRobot_2024_10_30_17_39/params_for_matlab.mat",
    "middle_interval": 13,
    "num_complex_pair": 12,
    "num_koopman_shifts": 50,
    "num_real": 0,
    "num_shifts": 50,
    "opt_alg": "adam",
    "path": "D:\\Soft_Robot_HPN/soft_robot_mujoco/1_model_50/SoftRobot_2024_10_30_17_39",
    "pred_lam_C": 1,
    "predicted_step": 50,
    "reced_linear": "[1.         1.76159416 1.96402758 1.99505475 1.9993293  1.9999092; 1.99998771 1.99999834 1.99999977 1.99999997 2.         2.; 2.         2.         2.         2.         2.         2.; 2.         2.         2.         2.         2.         2.; 2.         2.         2.         2.         2.         2.; 2.         2.         2.         2.         2.         2.; 2.         2.         2.         2.         2.         2.; 2.         2.         2.         2.         2.         2.; 2.         2.         2.        ]",
    "recon_lam_C": 1,
    "restore_model_path": "D:\\Soft_Robot_HPN/soft_robot_mujoco/1_model_50/SoftRobot_2024_07_12_08_40/logdir/last.ckpt",
    "s_dim": 12,
    "scale": 0.1,
    "state_bound": "[[-0.00879201  0.17036346  0.02256335 -0.73827766 -0.30279542 -1.07303654;  -0.29836948 -0.06879807 -0.23412159 -2.57014004 -0.92353828 -3.65200379]; [ 0.12492734  0.23766293  0.14186433  0.99523129  0.27959989  0.76126959;   0.33470766  0.10357758  0.26351112  3.19393176  0.96090006  3.14161512]]",
    "state_name": "['x' 'y' 'z' 'theta1' 'theta2' 'theta3' 'vx' 'vy' 'vz' 'dtheta1' 'dtheta2'; 'dtheta3']",
    "state_weight": "[[1. 1. 1. 1. 1. 1. 1. 1. 1. 1. 1. 1.]]",
    "svd_lam": 0.003,
    "test_data_path": "D:\\Soft_Robot_HPN/soft_robot_mujoco/data_SoftRobot_50_20k/soft_robot_test_%d.mat",
    "test_file_num": 0,
    "test_image_path": "D:\\Soft_Robot_HPN/soft_robot_mujoco/1_model_50/SoftRobot_2024_10_30_17_39/logdir/test/2024_10_30_17_39_bIdx_%d_%d.png",
    "train_data_path": "D:\\Soft_Robot_HPN/soft_robot_mujoco/data_SoftRobot_50_20k/soft_robot_%d.mat",
    "train_file_num": 64,
    "u_dim": 4,
    "val_data_path": "D:\\Soft_Robot_HPN/soft_robot_mujoco/data_SoftRobot_50_20k/soft_robot_test_%d.mat",
    "val_file_num": 16
}